{
  "val_metrics": {
    "split": "validation",
    "n_rows": 20595,
    "n_anomaly_true": 225,
    "n_anomaly_predicted": 338,
    "threshold": 0.051481538151066555,
    "precision": 0.1390532544378698,
    "recall": 0.2088888888888889,
    "f1": 0.1669626998223801,
    "f2": 0.18982229402261713,
    "auc_roc": 0.8627465226640485
  },
  "test_metrics": {
    "split": "test",
    "n_rows": 20596,
    "n_anomaly_true": 3254,
    "n_anomaly_predicted": 2204,
    "threshold": 0.051481538151066555,
    "precision": 0.06760435571687841,
    "recall": 0.04578979717271051,
    "f1": 0.054598754122389154,
    "f2": 0.04894875164257556,
    "auc_roc": 0.43536044846944405
  },
  "threshold": 0.051481538151066555,
  "if_bounds": {
    "lower": 0.34477966194117393,
    "upper": 0.7741645087366961
  },
  "tcn_bounds": {
    "lower": 7.395897682727082e-06,
    "upper": 0.0007501489541027693
  },
  "if_weight": 0.05,
  "tcn_weight": 0.95
}