{
  "cpu_mem_corr_long": {
    "mean": 0.232601046535846,
    "std": 0.313886074768386
  },
  "cpu_net_ratio": {
    "mean": 0.22088209952641583,
    "std": 0.23075569354803543
  },
  "cpu_util": {
    "mean": 0.23516752545675448,
    "std": 0.22197987261483645
  },
  "cpu_util_mean_long": {
    "mean": 0.25081066365923765,
    "std": 0.23894120957100964
  },
  "cpu_util_mean_mid": {
    "mean": 0.24406603734437884,
    "std": 0.23468462398065823
  },
  "cpu_util_mean_short": {
    "mean": 0.23516752545675448,
    "std": 0.22197987261483645
  },
  "cpu_util_range_ratio_long": {
    "mean": 0.7160641774256601,
    "std": 0.27997815889898514
  },
  "cpu_util_range_ratio_mid": {
    "mean": 0.8076285002770278,
    "std": 0.2616136974081335
  },
  "cpu_util_roc": {
    "mean": 0.5001503974531597,
    "std": 0.13958856618612583
  },
  "cpu_util_std_long": {
    "mean": 0.07844575494793792,
    "std": 0.12717408685086834
  },
  "cpu_util_std_mid": {
    "mean": 0.0898558242980493,
    "std": 0.13359301186840006
  },
  "cpu_util_std_short": {
    "mean": 0.0,
    "std": 1.0
  },
  "cpu_util_zscore_long": {
    "mean": 0.4997257123846836,
    "std": 0.21265100155545177
  },
  "cpu_util_zscore_mid": {
    "mean": 0.5005460097972575,
    "std": 0.29270291881276905
  },
  "cpu_util_zscore_short": {
    "mean": 0.0,
    "std": 1.0
  },
  "disk_io": {
    "mean": 0.160361964276151,
    "std": 0.22326872461833078
  },
  "disk_io_mean_long": {
    "mean": 0.16029809059958008,
    "std": 0.2228406943799032
  },
  "disk_io_mean_mid": {
    "mean": 0.16032508526792802,
    "std": 0.2230874356368611
  },
  "disk_io_mean_short": {
    "mean": 0.160361964276151,
    "std": 0.22326872461833078
  },
  "disk_io_range_ratio_long": {
    "mean": 0.7828153592742232,
    "std": 0.18698323207809153
  },
  "disk_io_range_ratio_mid": {
    "mean": 0.8235385612755487,
    "std": 0.17330309007012373
  },
  "disk_io_roc": {
    "mean": 0.3147254357215333,
    "std": 0.12363159841542648
  },
  "disk_io_std_long": {
    "mean": 0.11100615045802222,
    "std": 0.17634196559391538
  },
  "disk_io_std_mid": {
    "mean": 0.10590704322535839,
    "std": 0.1750477071790794
  },
  "disk_io_std_short": {
    "mean": 0.0,
    "std": 1.0
  },
  "disk_io_zscore_long": {
    "mean": 0.4421907862684083,
    "std": 0.2884095293706236
  },
  "disk_io_zscore_mid": {
    "mean": 0.432449996161091,
    "std": 0.36581424525046424
  },
  "disk_io_zscore_short": {
    "mean": 0.0,
    "std": 1.0
  },
  "mem_util": {
    "mean": 0.7375009561385474,
    "std": 0.2448494106741834
  },
  "mem_util_mean_long": {
    "mean": 0.7372246160974488,
    "std": 0.24421481323467845
  },
  "mem_util_mean_mid": {
    "mean": 0.737374752104126,
    "std": 0.2446170580763657
  },
  "mem_util_mean_short": {
    "mean": 0.7375009561385474,
    "std": 0.2448494106741834
  },
  "mem_util_range_ratio_long": {
    "mean": 0.9280045578577151,
    "std": 0.16580379856421387
  },
  "mem_util_range_ratio_mid": {
    "mean": 0.9477127707339867,
    "std": 0.14364358689341084
  },
  "mem_util_roc": {
    "mean": 0.6291516976361258,
    "std": 0.09086666269278108
  },
  "mem_util_std_long": {
    "mean": 0.07379524716489676,
    "std": 0.17225036782082243
  },
  "mem_util_std_mid": {
    "mean": 0.05286873146361944,
    "std": 0.1443432122570815
  },
  "mem_util_std_short": {
    "mean": 0.0,
    "std": 1.0
  },
  "mem_util_zscore_long": {
    "mean": 0.5981847122687732,
    "std": 0.27382724488192955
  },
  "mem_util_zscore_mid": {
    "mean": 0.625122821863008,
    "std": 0.3667395909924574
  },
  "mem_util_zscore_short": {
    "mean": 0.0,
    "std": 1.0
  },
  "net_io_in": {
    "mean": 0.14156707740852228,
    "std": 0.21039467216770313
  },
  "net_io_in_mean_long": {
    "mean": 0.15713986566728508,
    "std": 0.22064320993284098
  },
  "net_io_in_mean_mid": {
    "mean": 0.1515698463531503,
    "std": 0.21748927403064836
  },
  "net_io_in_mean_short": {
    "mean": 0.14156707740852228,
    "std": 0.21039467216770313
  },
  "net_io_in_range_ratio_long": {
    "mean": 0.5033596885944355,
    "std": 0.23352241895553952
  },
  "net_io_in_range_ratio_mid": {
    "mean": 0.5926505450115421,
    "std": 0.23458824284436758
  },
  "net_io_in_roc": {
    "mean": 0.4413855999483458,
    "std": 0.12089821074293508
  },
  "net_io_in_std_long": {
    "mean": 0.12220729702174286,
    "std": 0.193437315758128
  },
  "net_io_in_std_mid": {
    "mean": 0.10618742858887815,
    "std": 0.18478849186169236
  },
  "net_io_in_std_short": {
    "mean": 0.0,
    "std": 1.0
  },
  "net_io_in_zscore_long": {
    "mean": 0.4584590178311302,
    "std": 0.2614583210613216
  },
  "net_io_in_zscore_mid": {
    "mean": 0.479946869030017,
    "std": 0.36288979725621867
  },
  "net_io_in_zscore_short": {
    "mean": 0.0,
    "std": 1.0
  },
  "net_io_out": {
    "mean": 0.15542997393034083,
    "std": 0.22258060362409166
  },
  "net_io_out_mean_long": {
    "mean": 0.1577589198297666,
    "std": 0.22394255970970117
  },
  "net_io_out_mean_mid": {
    "mean": 0.15653001087084928,
    "std": 0.22321327799518031
  },
  "net_io_out_mean_short": {
    "mean": 0.15542997393034083,
    "std": 0.22258060362409166
  },
  "net_io_out_range_ratio_long": {
    "mean": 0.6747164967382593,
    "std": 0.21456969649513488
  },
  "net_io_out_range_ratio_mid": {
    "mean": 0.7423545135627608,
    "std": 0.19417388995243057
  },
  "net_io_out_roc": {
    "mean": 0.3423814884753805,
    "std": 0.12171514974864883
  },
  "net_io_out_std_long": {
    "mean": 0.11213190406716418,
    "std": 0.1827153188105046
  },
  "net_io_out_std_mid": {
    "mean": 0.1043096264207276,
    "std": 0.1801333161332187
  },
  "net_io_out_std_short": {
    "mean": 0.0,
    "std": 1.0
  },
  "net_io_out_zscore_long": {
    "mean": 0.4501912454272728,
    "std": 0.28303726996753875
  },
  "net_io_out_zscore_mid": {
    "mean": 0.4436782570211951,
    "std": 0.37221411434294155
  },
  "net_io_out_zscore_short": {
    "mean": 0.0,
    "std": 1.0
  },
  "volatility_score": {
    "mean": 0.11390712141576684,
    "std": 0.1582159095488074
  }
}