{
  "value": {
    "mean": 0.019033638790972536,
    "std": 0.11850982213654597
  },
  "value_mean_long": {
    "mean": 0.013876962225673898,
    "std": 0.10420649980280022
  },
  "value_mean_mid": {
    "mean": 0.016281330135246266,
    "std": 0.10748072375254367
  },
  "value_mean_short": {
    "mean": 0.019033638790972536,
    "std": 0.11850982213654597
  },
  "value_range_ratio_long": {
    "mean": 0.7593502825268107,
    "std": 0.3089051921839132
  },
  "value_range_ratio_mid": {
    "mean": 0.8233587965876304,
    "std": 0.27330453913395175
  },
  "value_roc": {
    "mean": 0.5985168619887268,
    "std": 0.07391432074854999
  },
  "value_std_long": {
    "mean": 0.012952775239020007,
    "std": 0.10559071016689905
  },
  "value_std_mid": {
    "mean": 0.011892302308685945,
    "std": 0.09941265861481603
  },
  "value_std_short": {
    "mean": 0.0,
    "std": 1.0
  },
  "value_zscore_long": {
    "mean": 0.46676964413892064,
    "std": 0.2353450894575247
  },
  "value_zscore_mid": {
    "mean": 0.5013134655493506,
    "std": 0.33444817642317215
  },
  "value_zscore_short": {
    "mean": 0.0,
    "std": 1.0
  }
}